,pose_num,pdb_num,chain,orig_res,mutation,dG
12,106,176,A,L,P,-1.34537488201
9,106,176,A,L,L,0.241109084189
6,106,176,A,L,H,1.44808834775
10,106,176,A,L,M,1.80900561988
4,106,176,A,L,F,2.10723826872
19,106,176,A,L,Y,2.17344549949
14,106,176,A,L,R,2.39214485785
11,106,176,A,L,N,2.99481402324
16,106,176,A,L,T,3.1276195131
0,106,176,A,L,A,3.19390766846
1,106,176,A,L,C,3.4027635159
2,106,176,A,L,D,3.43650632748
3,106,176,A,L,E,3.80370824737
15,106,176,A,L,S,4.03226540705
5,106,176,A,L,G,4.09430282477
13,106,176,A,L,Q,4.74496695426
7,106,176,A,L,I,5.39800054611
8,106,176,A,L,K,8.22961211682
17,106,176,A,L,V,8.91197040618
18,106,176,A,L,W,10.8537912314
