,pose_num,pdb_num,chain,orig_res,mutation,dG
19,99,169,A,W,Y,-5.68733915458
4,99,169,A,W,F,-4.981909429
17,99,169,A,W,V,2.35232906458
14,99,169,A,W,R,2.74357005866
6,99,169,A,W,H,2.87632636546
7,99,169,A,W,I,2.90287993791
16,99,169,A,W,T,3.21949404576
9,99,169,A,W,L,3.67164057126
0,99,169,A,W,A,3.82043643872
13,99,169,A,W,Q,4.01772739974
11,99,169,A,W,N,4.22004076324
15,99,169,A,W,S,4.30058265211
3,99,169,A,W,E,4.36469058116
10,99,169,A,W,M,4.37173578782
1,99,169,A,W,C,4.92780773682
8,99,169,A,W,K,5.161932587
18,99,169,A,W,W,5.29848003089
5,99,169,A,W,G,5.65511128958
2,99,169,A,W,D,6.78863440579
12,99,169,A,W,P,8.00328520853
