,pose_num,pdb_num,chain,orig_res,mutation,dG
16,108,178,A,T,T,-0.150657156089
15,108,178,A,T,S,0.880776434211
18,108,178,A,T,W,1.29120112784
13,108,178,A,T,Q,1.61145970861
19,108,178,A,T,Y,2.03559139183
12,108,178,A,T,P,2.74484921326
1,108,178,A,T,C,2.75785439741
3,108,178,A,T,E,2.89555676944
0,108,178,A,T,A,2.94547023563
5,108,178,A,T,G,3.02801673267
17,108,178,A,T,V,3.09842653104
10,108,178,A,T,M,3.26165615827
7,108,178,A,T,I,4.01961130923
2,108,178,A,T,D,4.26122923324
11,108,178,A,T,N,4.5424315373
6,108,178,A,T,H,4.58666863156
14,108,178,A,T,R,5.28824505069
4,108,178,A,T,F,5.53416507376
9,108,178,A,T,L,9.43523375251
8,108,178,A,T,K,11.9769490147
