,pose_num,pdb_num,chain,orig_res,mutation,dG
12,109,179,A,N,P,-4.70997052175
16,109,179,A,N,T,0.0228377054642
11,109,179,A,N,N,0.115405064016
15,109,179,A,N,S,0.439692260293
1,109,179,A,N,C,0.899248678472
2,109,179,A,N,D,0.939760478082
5,109,179,A,N,G,1.01328616778
0,109,179,A,N,A,1.65104569366
7,109,179,A,N,I,1.67744542524
13,109,179,A,N,Q,1.76338471753
3,109,179,A,N,E,2.11467232175
10,109,179,A,N,M,2.12220540659
14,109,179,A,N,R,2.37061885784
9,109,179,A,N,L,2.45148028571
8,109,179,A,N,K,2.68401220764
4,109,179,A,N,F,3.53706126487
18,109,179,A,N,W,4.44352307088
6,109,179,A,N,H,4.47319576094
19,109,179,A,N,Y,4.58888007605
17,109,179,A,N,V,7.98556333504
