,pose_num,pdb_num,chain,orig_res,mutation,dG
19,91,161,A,Y,Y,0.471040790216
4,91,161,A,Y,F,0.63030634392
6,91,161,A,Y,H,2.71460303443
17,91,161,A,Y,V,2.99326455911
7,91,161,A,Y,I,3.44993867632
3,91,161,A,Y,E,3.68926854387
0,91,161,A,Y,A,3.72532668375
1,91,161,A,Y,C,3.83201992327
16,91,161,A,Y,T,3.88864296168
8,91,161,A,Y,K,3.9811209631
13,91,161,A,Y,Q,4.02390923127
15,91,161,A,Y,S,4.39949951221
9,91,161,A,Y,L,4.57425910222
11,91,161,A,Y,N,4.59437817515
14,91,161,A,Y,R,4.64779950267
10,91,161,A,Y,M,4.74418443811
5,91,161,A,Y,G,5.02628157232
18,91,161,A,Y,W,5.4964149017
2,91,161,A,Y,D,5.65060318357
12,91,161,A,Y,P,11.2977267751
