,pose_num,pdb_num,chain,orig_res,mutation,dG
18,169,239,A,T,W,-0.184753127486
17,169,239,A,T,V,-0.0429677170733
16,169,239,A,T,T,0.133443743321
19,169,239,A,T,Y,0.171956594307
4,169,239,A,T,F,0.276937392504
14,169,239,A,T,R,1.13580305508
11,169,239,A,T,N,1.13888188548
1,169,239,A,T,C,1.26265833517
0,169,239,A,T,A,1.36937813025
6,169,239,A,T,H,1.5780236421
8,169,239,A,T,K,1.81535133044
2,169,239,A,T,D,2.01004404264
15,169,239,A,T,S,2.19164972705
7,169,239,A,T,I,2.74072220175
12,169,239,A,T,P,2.85094723506
10,169,239,A,T,M,2.87014243883
9,169,239,A,T,L,3.02009612393
13,169,239,A,T,Q,3.08721448714
3,169,239,A,T,E,3.60121081676
5,169,239,A,T,G,3.87905876991
