,pose_num,pdb_num,chain,orig_res,mutation,dG
17,171,241,A,L,V,-0.984216103838
14,171,241,A,L,R,-0.597045277988
8,171,241,A,L,K,-0.582699779416
0,171,241,A,L,A,-0.579991443667
15,171,241,A,L,S,-0.359248487503
13,171,241,A,L,Q,-0.331267053968
16,171,241,A,L,T,-0.30202769137
3,171,241,A,L,E,-0.207454490075
7,171,241,A,L,I,-0.16648806349
1,171,241,A,L,C,-0.099496526379
5,171,241,A,L,G,0.0941230773556
9,171,241,A,L,L,0.152777232471
10,171,241,A,L,M,0.338635080428
11,171,241,A,L,N,0.383488360445
12,171,241,A,L,P,0.49942138109
19,171,241,A,L,Y,0.529138776374
6,171,241,A,L,H,0.618237430698
2,171,241,A,L,D,0.741473699364
18,171,241,A,L,W,0.96165268596
4,171,241,A,L,F,2.73601926793
