,pose_num,pdb_num,chain,orig_res,mutation,dG
5,172,242,A,N,G,-0.335003901981
11,172,242,A,N,N,0.0296748663308
6,172,242,A,N,H,0.420471569622
19,172,242,A,N,Y,0.638254665185
2,172,242,A,N,D,0.808227468913
13,172,242,A,N,Q,1.06989397128
4,172,242,A,N,F,1.07789188027
8,172,242,A,N,K,1.25608621123
1,172,242,A,N,C,1.35768032429
10,172,242,A,N,M,1.65775334947
0,172,242,A,N,A,1.68066779803
3,172,242,A,N,E,1.69944306563
15,172,242,A,N,S,2.33956824111
14,172,242,A,N,R,2.4662510544
18,172,242,A,N,W,2.73006348622
9,172,242,A,N,L,4.18980404123
16,172,242,A,N,T,4.39172730391
17,172,242,A,N,V,5.0079090324
7,172,242,A,N,I,5.387092899
12,172,242,A,N,P,108.948374795
