,pose_num,pdb_num,chain,orig_res,mutation,dG
12,112,182,A,K,P,-3.10345633257
14,112,182,A,K,R,-0.607642959097
1,112,182,A,K,C,-0.115198944209
9,112,182,A,K,L,0.115415310999
8,112,182,A,K,K,0.231474076436
0,112,182,A,K,A,0.276486339119
4,112,182,A,K,F,0.300544849218
19,112,182,A,K,Y,0.304643354764
11,112,182,A,K,N,0.450826407975
17,112,182,A,K,V,0.563777665382
18,112,182,A,K,W,0.958460123942
10,112,182,A,K,M,1.6716482973
16,112,182,A,K,T,2.02463352774
15,112,182,A,K,S,2.12486234853
6,112,182,A,K,H,2.35707098685
5,112,182,A,K,G,2.69470279919
2,112,182,A,K,D,2.86291454892
13,112,182,A,K,Q,2.92632742202
7,112,182,A,K,I,4.10273085373
3,112,182,A,K,E,5.24658732811
