,pose_num,pdb_num,chain,orig_res,mutation,dG
29,325,173,B,L,L,-4.19207171385
38,325,173,B,L,W,-3.75020336062
18,321,169,B,W,W,-3.74561903125
36,325,173,B,L,T,-3.3312758403
31,325,173,B,L,N,-2.45112657368
35,325,173,B,L,S,-1.98786399081
20,325,173,B,L,A,-1.89839301025
16,321,169,B,W,T,-1.67586404246
21,325,173,B,L,C,-1.37793319569
19,321,169,B,W,Y,-1.35958692872
8,321,169,B,W,K,-1.1624742832
6,321,169,B,W,H,-1.03529059782
17,321,169,B,W,V,-1.01842957591
10,321,169,B,W,M,-1.00576509584
7,321,169,B,W,I,-0.794179990896
23,325,173,B,L,E,-0.570287066216
25,325,173,B,L,G,-0.54192004689
22,325,173,B,L,D,-0.518274798472
0,321,169,B,W,A,-0.433039986477
4,321,169,B,W,F,-0.352664914484
27,325,173,B,L,I,-0.28718137355
13,321,169,B,W,Q,-0.0357998676043
37,325,173,B,L,V,-0.0317422291322
14,321,169,B,W,R,0.0137050082584
30,325,173,B,L,M,0.0533314394061
1,321,169,B,W,C,0.111565915961
3,321,169,B,W,E,0.376779119215
5,321,169,B,W,G,0.463851244494
39,325,173,B,L,Y,0.502411442516
15,321,169,B,W,S,0.539376725493
26,325,173,B,L,H,1.08595196669
33,325,173,B,L,Q,1.63630714265
11,321,169,B,W,N,2.24447365566
9,321,169,B,W,L,2.41726053958
2,321,169,B,W,D,2.63442430225
24,325,173,B,L,F,3.48807620136
12,321,169,B,W,P,5.10316623978
34,325,173,B,L,R,5.61498011742
32,325,173,B,L,P,6.11030671546
28,325,173,B,L,K,6.54737922083
