,pose_num,pdb_num,chain,orig_res,mutation,dG
39,391,239,B,T,Y,-4.93139441136
24,391,239,B,T,F,-4.49058914412
29,391,239,B,T,L,-4.39252281246
18,336,184,B,Y,W,-3.74900729702
4,336,184,B,Y,F,-3.71033560469
36,391,239,B,T,T,-3.6456941221
37,391,239,B,T,V,-3.53684602087
31,391,239,B,T,N,-3.41487576173
19,336,184,B,Y,Y,-3.37475778365
38,391,239,B,T,W,-3.31130245031
27,391,239,B,T,I,-3.26764221598
21,391,239,B,T,C,-3.05498941804
30,391,239,B,T,M,-3.03071298432
28,391,239,B,T,K,-2.99433176609
26,391,239,B,T,H,-2.81782605464
35,391,239,B,T,S,-2.63896345245
33,391,239,B,T,Q,-2.62677122565
6,336,184,B,Y,H,-2.56507208486
22,391,239,B,T,D,-2.50131231881
3,336,184,B,Y,E,-2.49693154904
20,391,239,B,T,A,-2.3570472021
15,336,184,B,Y,S,-2.2301331993
34,391,239,B,T,R,-2.02817759266
13,336,184,B,Y,Q,-1.98155331613
0,336,184,B,Y,A,-1.52493206747
10,336,184,B,Y,M,-1.47622897062
17,336,184,B,Y,V,-1.4382614513
8,336,184,B,Y,K,-1.02579479949
5,336,184,B,Y,G,-0.831879452685
23,391,239,B,T,E,-0.778725142309
1,336,184,B,Y,C,-0.635937993295
25,391,239,B,T,G,-0.566196115787
11,336,184,B,Y,N,-0.526170305276
2,336,184,B,Y,D,-0.0962706631365
9,336,184,B,Y,L,0.218440649542
16,336,184,B,Y,T,0.445491686585
14,336,184,B,Y,R,0.721477042226
12,336,184,B,Y,P,2.05792494368
32,391,239,B,T,P,4.14274241967
7,336,184,B,Y,I,6.91713451804
