,pose_num,pdb_num,chain,orig_res,mutation,dG
39,317,165,B,M,Y,-6.00638244154
24,317,165,B,M,F,-5.87511031024
38,317,165,B,M,W,-5.4089737556
30,317,165,B,M,M,-4.01548103121
34,317,165,B,M,R,-3.85340460777
33,317,165,B,M,Q,-3.5420052925
29,317,165,B,M,L,-3.45365741254
26,317,165,B,M,H,-2.7015924715
18,313,161,B,Y,W,-2.62929780929
7,313,161,B,Y,I,-2.29436147001
31,317,165,B,M,N,-2.0048382113
9,313,161,B,Y,L,-1.53747429444
22,317,165,B,M,D,-1.49835965612
6,313,161,B,Y,H,-1.49380758037
23,317,165,B,M,E,-1.48940047225
17,313,161,B,Y,V,-1.37118216524
37,317,165,B,M,V,-1.35842571056
0,313,161,B,Y,A,-1.2811879011
20,317,165,B,M,A,-1.16352579813
28,317,165,B,M,K,-1.04355611601
36,317,165,B,M,T,-1.0001925468
21,317,165,B,M,C,-0.871612762843
19,313,161,B,Y,Y,-0.785867458259
3,313,161,B,Y,E,-0.687192051357
13,313,161,B,Y,Q,-0.581202597494
1,313,161,B,Y,C,-0.57974374446
8,313,161,B,Y,K,-0.480833357793
35,317,165,B,M,S,-0.420870929098
16,313,161,B,Y,T,-0.350232206827
15,313,161,B,Y,S,-0.236716644208
4,313,161,B,Y,F,-0.180119420935
11,313,161,B,Y,N,-0.0199781444965
2,313,161,B,Y,D,0.101127340785
14,313,161,B,Y,R,0.197013692492
10,313,161,B,Y,M,0.312438928344
5,313,161,B,Y,G,0.482096197942
25,317,165,B,M,G,0.764449425404
27,317,165,B,M,I,3.00681641776
12,313,161,B,Y,P,7.85946280248
32,317,165,B,M,P,7.95656240337
