,pose_num,pdb_num,chain,orig_res,mutation,dG
53,60,130,A,A,Q,-1.51921812239
32,59,129,A,G,P,-1.06079688521
51,60,130,A,A,N,-0.247006773776
46,60,130,A,A,H,-0.0551540714052
40,60,130,A,A,A,-0.0194206988911
25,59,129,A,G,G,-0.0162134194564
15,58,128,A,S,S,0.0281073214105
20,59,129,A,G,A,0.19587696259
45,60,130,A,A,G,0.300497377603
55,60,130,A,A,S,0.643214018425
21,59,129,A,G,C,0.909772971871
57,60,130,A,A,V,0.936116605417
41,60,130,A,A,C,0.991277235043
48,60,130,A,A,K,1.14729582938
56,60,130,A,A,T,1.14905081853
42,60,130,A,A,D,1.4906009626
0,58,128,A,S,A,2.09770788822
44,60,130,A,A,F,2.2528707331
35,59,129,A,G,S,2.84005165474
49,60,130,A,A,L,2.97055234805
52,60,130,A,A,P,2.98128880779
27,59,129,A,G,I,3.06459232156
50,60,130,A,A,M,3.11239140512
58,60,130,A,A,W,3.18500200109
43,60,130,A,A,E,3.43579928395
16,58,128,A,S,T,3.85823996579
5,58,128,A,S,G,4.44137535795
37,59,129,A,G,V,4.70817362873
1,58,128,A,S,C,5.51017543134
31,59,129,A,G,N,5.75022994867
29,59,129,A,G,L,5.93656993064
12,58,128,A,S,P,6.29518172426
34,59,129,A,G,R,6.41976046229
11,58,128,A,S,N,6.49422247932
36,59,129,A,G,T,6.59846629912
59,60,130,A,A,Y,6.80019033598
26,59,129,A,G,H,6.96531462459
47,60,130,A,A,I,7.048531677
33,59,129,A,G,Q,7.14380090465
30,59,129,A,G,M,7.2011456163
22,59,129,A,G,D,7.57448515756
54,60,130,A,A,R,7.94847216749
28,59,129,A,G,K,9.27178110834
17,58,128,A,S,V,9.32969073032
23,59,129,A,G,E,9.42269929992
8,58,128,A,S,K,9.6866312086
10,58,128,A,S,M,10.5215638398
4,58,128,A,S,F,10.9511049866
18,58,128,A,S,W,11.5219596148
9,58,128,A,S,L,11.6007423815
39,59,129,A,G,Y,11.644461478
24,59,129,A,G,F,12.233112451
19,58,128,A,S,Y,14.3079359369
3,58,128,A,S,E,15.012884011
13,58,128,A,S,Q,15.6188826044
6,58,128,A,S,H,15.6505687786
38,59,129,A,G,W,16.8764088874
14,58,128,A,S,R,17.6199842986
2,58,128,A,S,D,28.9268760029
7,58,128,A,S,I,301.612728443
