,pose_num,pdb_num,chain,orig_res,mutation,dG
23,309,157,B,E,E,-3.83266240283
14,256,104,B,R,R,-3.75863258252
30,309,157,B,E,M,-3.23046858617
20,309,157,B,E,A,-3.16702644267
22,309,157,B,E,D,-2.87487558154
33,309,157,B,E,Q,-2.51831778406
35,309,157,B,E,S,-2.16891665774
21,309,157,B,E,C,-2.07049109139
25,309,157,B,E,G,-1.64229555938
37,309,157,B,E,V,-1.63829878036
36,309,157,B,E,T,-1.61763739778
7,256,104,B,R,I,-1.52546861898
29,309,157,B,E,L,-1.4028834662
31,309,157,B,E,N,-1.17177400198
10,256,104,B,R,M,-0.491541323582
27,309,157,B,E,I,-0.226025082547
3,256,104,B,R,E,-0.215869481855
28,309,157,B,E,K,0.518210949152
18,256,104,B,R,W,1.32082871494
24,309,157,B,E,F,1.3415715647
26,309,157,B,E,H,1.4665170346
39,309,157,B,E,Y,1.48679734511
9,256,104,B,R,L,1.53489120251
16,256,104,B,R,T,1.76781752475
13,256,104,B,R,Q,2.2088565364
17,256,104,B,R,V,2.24468541228
12,256,104,B,R,P,2.84830891208
11,256,104,B,R,N,2.88995817769
1,256,104,B,R,C,2.97001637593
15,256,104,B,R,S,2.99452897695
0,256,104,B,R,A,3.40138753945
34,309,157,B,E,R,3.43751244617
38,309,157,B,E,W,3.48426708909
2,256,104,B,R,D,3.81571067488
5,256,104,B,R,G,4.02535999197
8,256,104,B,R,K,4.53698027406
19,256,104,B,R,Y,8.2517533838
4,256,104,B,R,F,9.02551044319
32,309,157,B,E,P,13.4737376163
6,256,104,B,R,H,28.8127537332
