,pose_num,pdb_num,chain,orig_res,mutation,dG
53,142,212,A,Y,Q,-1.17045589352
51,142,212,A,Y,N,-0.771747325128
49,142,212,A,Y,L,-0.355627584008
59,142,212,A,Y,Y,-0.0108931728379
44,142,212,A,Y,F,0.0982876022962
48,142,212,A,Y,K,0.276327048218
6,61,131,A,H,H,0.302834302852
42,142,212,A,Y,D,0.320909113522
38,141,211,A,Y,W,0.379037352325
10,61,131,A,H,M,0.408391220131
5,61,131,A,H,G,0.424701580637
39,141,211,A,Y,Y,0.476542066308
46,142,212,A,Y,H,0.495816831098
0,61,131,A,H,A,0.578221034906
13,61,131,A,H,Q,0.585327331574
37,141,211,A,Y,V,0.873275864933
11,61,131,A,H,N,0.937878895335
41,142,212,A,Y,C,0.965319759198
40,142,212,A,Y,A,1.05803257677
54,142,212,A,Y,R,1.15292292823
50,142,212,A,Y,M,1.21620412748
43,142,212,A,Y,E,1.40523959555
17,61,131,A,H,V,1.50819641441
55,142,212,A,Y,S,1.52475338835
9,61,131,A,H,L,1.56345583162
15,61,131,A,H,S,1.57877967816
45,142,212,A,Y,G,1.65284061748
26,141,211,A,Y,H,1.71290731866
2,61,131,A,H,D,1.72633508809
58,142,212,A,Y,W,1.77261812446
1,61,131,A,H,C,1.98864976603
24,141,211,A,Y,F,2.28166735999
32,141,211,A,Y,P,2.34673044128
31,141,211,A,Y,N,2.58253473317
18,61,131,A,H,W,2.62438310476
57,142,212,A,Y,V,3.1437211778
3,61,131,A,H,E,3.67392322046
35,141,211,A,Y,S,3.91651732832
27,141,211,A,Y,I,3.92984793253
19,61,131,A,H,Y,3.96935518035
16,61,131,A,H,T,3.98797004465
20,141,211,A,Y,A,3.99958385458
33,141,211,A,Y,Q,4.16710975801
4,61,131,A,H,F,4.19161548358
30,141,211,A,Y,M,4.83624051897
56,142,212,A,Y,T,4.8569111095
36,141,211,A,Y,T,4.98105534416
21,141,211,A,Y,C,5.37751898485
34,141,211,A,Y,R,5.41001740508
23,141,211,A,Y,E,5.55607298373
47,142,212,A,Y,I,5.55801306745
22,141,211,A,Y,D,5.95631724673
28,141,211,A,Y,K,7.17471883263
14,61,131,A,H,R,7.36843945504
25,141,211,A,Y,G,7.4306271427
29,141,211,A,Y,L,9.01435979216
8,61,131,A,H,K,11.690144778
12,61,131,A,H,P,11.9678640218
52,142,212,A,Y,P,12.939361734
7,61,131,A,H,I,14.0132425591
