,pose_num,pdb_num,chain,orig_res,mutation,dG
36,330,178,B,T,T,-4.59470642908
29,330,178,B,T,L,-4.06270333921
9,328,176,B,L,L,-4.02097374978
27,330,178,B,T,I,-3.71362819779
4,328,176,B,L,F,-3.42633449112
33,330,178,B,T,Q,-3.25091252033
35,330,178,B,T,S,-2.97760174005
37,330,178,B,T,V,-2.88515386553
6,328,176,B,L,H,-2.8420128694
10,328,176,B,L,M,-2.21039446593
16,328,176,B,L,T,-2.18048322615
11,328,176,B,L,N,-2.09102933933
21,330,178,B,T,C,-1.84182265818
0,328,176,B,L,A,-1.72949280751
23,330,178,B,T,E,-1.35000183773
31,330,178,B,T,N,-1.26962406422
15,328,176,B,L,S,-1.26267538707
2,328,176,B,L,D,-1.253936781
13,328,176,B,L,Q,-1.10271465685
5,328,176,B,L,G,-1.03007250274
1,328,176,B,L,C,-0.94639198224
20,330,178,B,T,A,-0.943011650315
18,328,176,B,L,W,-0.908655557973
25,330,178,B,T,G,-0.759714820383
19,328,176,B,L,Y,-0.634528201183
30,330,178,B,T,M,-0.300045735241
3,328,176,B,L,E,-0.297853481666
22,330,178,B,T,D,-0.244607581065
34,330,178,B,T,R,0.725624390945
26,330,178,B,T,H,0.939814196416
8,328,176,B,L,K,1.01163622022
7,328,176,B,L,I,1.55921377075
17,328,176,B,L,V,2.42655808171
38,330,178,B,T,W,3.19450905695
32,330,178,B,T,P,3.7436454785
12,328,176,B,L,P,4.10330477991
14,328,176,B,L,R,4.13495891713
24,330,178,B,T,F,4.49114054003
28,330,178,B,T,K,4.64999834464
39,330,178,B,T,Y,5.29084944991
