,pose_num,pdb_num,chain,orig_res,mutation,dG
19,95,165,A,M,Y,-3.34703708003
18,95,165,A,M,W,-2.73743667754
4,95,165,A,M,F,-1.87681285128
9,95,165,A,M,L,-1.48973296233
6,95,165,A,M,H,-0.694151100655
8,95,165,A,M,K,0.185317616616
14,95,165,A,M,R,0.350003421048
10,95,165,A,M,M,0.506833185551
13,95,165,A,M,Q,0.952452621038
17,95,165,A,M,V,1.94209313333
11,95,165,A,M,N,2.18298070734
3,95,165,A,M,E,2.76273655044
16,95,165,A,M,T,3.06647823477
2,95,165,A,M,D,3.0880317858
1,95,165,A,M,C,3.13740282075
0,95,165,A,M,A,3.15190041808
7,95,165,A,M,I,3.54132535342
15,95,165,A,M,S,3.98906245916
5,95,165,A,M,G,5.16351025135
12,95,165,A,M,P,6.86739437959
