,pose_num,pdb_num,chain,orig_res,mutation,dG
2,87,157,A,E,D,0.0662998205524
3,87,157,A,E,E,0.170951712301
10,87,157,A,E,M,0.723665168465
0,87,157,A,E,A,0.930054004886
13,87,157,A,E,Q,1.85146628078
1,87,157,A,E,C,1.91147883431
15,87,157,A,E,S,2.20107811932
5,87,157,A,E,G,2.77946785939
17,87,157,A,E,V,2.89066770337
9,87,157,A,E,L,3.14359737367
16,87,157,A,E,T,3.57659080182
18,87,157,A,E,W,4.17913961471
8,87,157,A,E,K,4.79679795795
7,87,157,A,E,I,4.93459764948
11,87,157,A,E,N,4.94480851667
14,87,157,A,E,R,4.97269122222
6,87,157,A,E,H,5.76790968912
19,87,157,A,E,Y,5.99266086876
4,87,157,A,E,F,7.96731288367
12,87,157,A,E,P,8.99238506555
