,pose_num,pdb_num,chain,orig_res,mutation,dG
19,103,173,A,L,Y,-4.89304705381
4,103,173,A,L,F,-2.90061652363
18,103,173,A,L,W,-1.18650322254
16,103,173,A,L,T,-0.913078928779
0,103,173,A,L,A,-0.383931882012
14,103,173,A,L,R,0.0984644436613
9,103,173,A,L,L,0.11191437456
11,103,173,A,L,N,1.50823517473
2,103,173,A,L,D,1.67970792279
7,103,173,A,L,I,2.21579194429
15,103,173,A,L,S,2.25346673795
1,103,173,A,L,C,2.87095491908
5,103,173,A,L,G,3.04923288246
10,103,173,A,L,M,4.11739699987
17,103,173,A,L,V,4.1463410645
12,103,173,A,L,P,4.15777842062
3,103,173,A,L,E,5.13410343224
13,103,173,A,L,Q,6.15899340478
6,103,173,A,L,H,6.52075958527
8,103,173,A,L,K,7.53754451137
