,pose_num,pdb_num,chain,orig_res,mutation,dG
14,34,104,A,R,R,0.851816730377
7,34,104,A,R,I,1.28441601203
16,34,104,A,R,T,1.30666720277
13,34,104,A,R,Q,1.57507722918
17,34,104,A,R,V,1.62841741548
11,34,104,A,R,N,1.70026172236
10,34,104,A,R,M,2.02173422519
3,34,104,A,R,E,2.27523618185
15,34,104,A,R,S,2.42665387323
1,34,104,A,R,C,2.43160505227
0,34,104,A,R,A,2.84400479464
2,34,104,A,R,D,3.09407930273
12,34,104,A,R,P,3.32139615506
5,34,104,A,R,G,3.48160625313
8,34,104,A,R,K,3.7789666599
9,34,104,A,R,L,4.28927281264
18,34,104,A,R,W,6.71262478878
19,34,104,A,R,Y,8.79205505728
4,34,104,A,R,F,8.99137997438
6,34,104,A,R,H,28.1255437854
